{
  "Offer Detail" : {
    "transaction" : "Offer Detail",
    "sampleCount" : 39522,
    "errorCount" : 347,
    "errorPct" : 0.87799203,
    "meanResTime" : 4189.84026618086,
    "medianResTime" : 3216.0,
    "minResTime" : 529.0,
    "maxResTime" : 530687.0,
    "pct1ResTime" : 7514.0,
    "pct2ResTime" : 7956.950000000001,
    "pct3ResTime" : 49973.450000000084,
    "throughput" : 60.925490292803694,
    "receivedKBytesPerSec" : 108.35974196327545,
    "sentKBytesPerSec" : 93.53699991829738
  },
  "Loyalty  Card" : {
    "transaction" : "Loyalty  Card",
    "sampleCount" : 171376,
    "errorCount" : 364,
    "errorPct" : 0.21239847,
    "meanResTime" : 961.3530482681302,
    "medianResTime" : 661.0,
    "minResTime" : 434.0,
    "maxResTime" : 465525.0,
    "pct1ResTime" : 1068.0,
    "pct2ResTime" : 1157.0,
    "pct3ResTime" : 1522.9600000000064,
    "throughput" : 264.18863922255383,
    "receivedKBytesPerSec" : 233.11968825681606,
    "sentKBytesPerSec" : 403.93706821499705
  },
  "Total" : {
    "transaction" : "Total",
    "sampleCount" : 268700,
    "errorCount" : 1087,
    "errorPct" : 0.4045404,
    "meanResTime" : 1843.64181987346,
    "medianResTime" : 765.0,
    "minResTime" : 434.0,
    "maxResTime" : 537568.0,
    "pct1ResTime" : 4598.0,
    "pct2ResTime" : 6781.9000000000015,
    "pct3ResTime" : 75130.81000000003,
    "throughput" : 414.20601777987423,
    "receivedKBytesPerSec" : 1760.806645252566,
    "sentKBytesPerSec" : 639.6675168020698
  },
  "Offer List" : {
    "transaction" : "Offer List",
    "sampleCount" : 57802,
    "errorCount" : 376,
    "errorPct" : 0.65049654,
    "meanResTime" : 2855.3138299713005,
    "medianResTime" : 2669.5,
    "minResTime" : 473.0,
    "maxResTime" : 537568.0,
    "pct1ResTime" : 4314.0,
    "pct2ResTime" : 4545.950000000001,
    "pct3ResTime" : 5355.0,
    "throughput" : 89.10422521315675,
    "receivedKBytesPerSec" : 1419.360199628758,
    "sentKBytesPerSec" : 142.21241367122525
  }
}