{
  "Total" : {
    "transaction" : "Total",
    "sampleCount" : 332,
    "errorCount" : 0,
    "errorPct" : 0.0,
    "meanResTime" : 34570.22590361443,
    "medianResTime" : 41197.0,
    "minResTime" : 2824.0,
    "maxResTime" : 48251.0,
    "pct1ResTime" : 46060.4,
    "pct2ResTime" : 46477.5,
    "pct3ResTime" : 47154.7,
    "throughput" : 3.2084734624453977,
    "receivedKBytesPerSec" : 49.23668705484847,
    "sentKBytesPerSec" : 5.151103879160385
  },
  "Offer List" : {
    "transaction" : "Offer List",
    "sampleCount" : 332,
    "errorCount" : 0,
    "errorPct" : 0.0,
    "meanResTime" : 34570.22590361443,
    "medianResTime" : 41197.0,
    "minResTime" : 2824.0,
    "maxResTime" : 48251.0,
    "pct1ResTime" : 46060.4,
    "pct2ResTime" : 46477.5,
    "pct3ResTime" : 47154.7,
    "throughput" : 3.2084734624453977,
    "receivedKBytesPerSec" : 49.23668705484847,
    "sentKBytesPerSec" : 5.151103879160385
  }
}