{
  "Offer Detail" : {
    "transaction" : "Offer Detail",
    "sampleCount" : 86150,
    "errorCount" : 447,
    "errorPct" : 0.5188624,
    "meanResTime" : 2070.3756355194582,
    "medianResTime" : 1059.0,
    "minResTime" : 439.0,
    "maxResTime" : 465816.0,
    "pct1ResTime" : 1744.0,
    "pct2ResTime" : 2052.9500000000007,
    "pct3ResTime" : 150135.99,
    "throughput" : 128.3640622345926,
    "receivedKBytesPerSec" : 113.49059737201961,
    "sentKBytesPerSec" : 198.65523506110142
  },
  "Loyalty  Card" : {
    "transaction" : "Loyalty  Card",
    "sampleCount" : 142642,
    "errorCount" : 462,
    "errorPct" : 0.32388777,
    "meanResTime" : 1264.7575328444611,
    "medianResTime" : 687.0,
    "minResTime" : 441.0,
    "maxResTime" : 254143.0,
    "pct1ResTime" : 967.0,
    "pct2ResTime" : 1159.0,
    "pct3ResTime" : 150290.92,
    "throughput" : 212.53656087170953,
    "receivedKBytesPerSec" : 286.6778890818025,
    "sentKBytesPerSec" : 326.0475909682168
  },
  "Total" : {
    "transaction" : "Total",
    "sampleCount" : 314060,
    "errorCount" : 1356,
    "errorPct" : 0.43176463,
    "meanResTime" : 1708.8040278927274,
    "medianResTime" : 846.0,
    "minResTime" : 439.0,
    "maxResTime" : 465816.0,
    "pct1ResTime" : 1733.9000000000015,
    "pct2ResTime" : 95581.35000000006,
    "pct3ResTime" : 208220.0,
    "throughput" : 467.92146976746955,
    "receivedKBytesPerSec" : 512.4440282315799,
    "sentKBytesPerSec" : 728.5502901671642
  },
  "Offer List" : {
    "transaction" : "Offer List",
    "sampleCount" : 85268,
    "errorCount" : 447,
    "errorPct" : 0.52422947,
    "meanResTime" : 2086.3229816578473,
    "medianResTime" : 1060.0,
    "minResTime" : 442.0,
    "maxResTime" : 452929.0,
    "pct1ResTime" : 1744.0,
    "pct2ResTime" : 2056.0,
    "pct3ResTime" : 150122.0,
    "throughput" : 127.04949786929701,
    "receivedKBytesPerSec" : 112.30675807907069,
    "sentKBytesPerSec" : 203.89207751922103
  }
}